id,category,job_title,typical_contract,gross_salary_eur_per_year_range,freelance_day_rate_eur_range,project_fee_eur_range,search_string,recommended_sources,recommended_source_links
1,Curatorial,Chief Curator,Staff,70000-180000,700-1500,7000-35000,"""Chief Curator"" salary OR fee museum OR contemporary art",AAM salary survey; Museum Association jobs; ArtsProfessional; LinkedIn Salary; Glassdoor; local public pay scales,https://www.aam-us.org/professional-networks/salary-survey/ | https://www.museumsassociation.org/jobs/ | https://www.artsprofessional.co.uk/jobs | https://www.linkedin.com/salary/ | https://www.glassdoor.com/Salaries/index.htm | https://ec.europa.eu/eurostat
2,Curatorial,Senior Curator,Staff,42000-90000,450-1000,3500-16000,"""Senior Curator"" salary OR fee museum OR contemporary art",AAM salary survey; Museum Association jobs; ArtsProfessional; LinkedIn Salary; Glassdoor; local public pay scales,https://www.aam-us.org/professional-networks/salary-survey/ | https://www.museumsassociation.org/jobs/ | https://www.artsprofessional.co.uk/jobs | https://www.linkedin.com/salary/ | https://www.glassdoor.com/Salaries/index.htm | https://ec.europa.eu/eurostat
3,Curatorial,Curator,Staff,42000-90000,450-1000,3500-16000,"""Curator"" salary OR fee museum OR contemporary art",AAM salary survey; Museum Association jobs; ArtsProfessional; LinkedIn Salary; Glassdoor; local public pay scales,https://www.aam-us.org/professional-networks/salary-survey/ | https://www.museumsassociation.org/jobs/ | https://www.artsprofessional.co.uk/jobs | https://www.linkedin.com/salary/ | https://www.glassdoor.com/Salaries/index.htm | https://ec.europa.eu/eurostat
4,Curatorial,Associate Curator,Staff,42000-90000,450-1000,3500-16000,"""Associate Curator"" salary OR fee museum OR contemporary art",AAM salary survey; Museum Association jobs; ArtsProfessional; LinkedIn Salary; Glassdoor; local public pay scales,https://www.aam-us.org/professional-networks/salary-survey/ | https://www.museumsassociation.org/jobs/ | https://www.artsprofessional.co.uk/jobs | https://www.linkedin.com/salary/ | https://www.glassdoor.com/Salaries/index.htm | https://ec.europa.eu/eurostat
5,Curatorial,Assistant Curator,Staff,42000-90000,450-1000,3500-16000,"""Assistant Curator"" salary OR fee museum OR contemporary art",AAM salary survey; Museum Association jobs; ArtsProfessional; LinkedIn Salary; Glassdoor; local public pay scales,https://www.aam-us.org/professional-networks/salary-survey/ | https://www.museumsassociation.org/jobs/ | https://www.artsprofessional.co.uk/jobs | https://www.linkedin.com/salary/ | https://www.glassdoor.com/Salaries/index.htm | https://ec.europa.eu/eurostat
6,Curatorial,Curatorial Assistant,Staff,42000-90000,450-1000,3500-16000,"""Curatorial Assistant"" salary OR fee museum OR contemporary art",AAM salary survey; Museum Association jobs; ArtsProfessional; LinkedIn Salary; Glassdoor; local public pay scales,https://www.aam-us.org/professional-networks/salary-survey/ | https://www.museumsassociation.org/jobs/ | https://www.artsprofessional.co.uk/jobs | https://www.linkedin.com/salary/ | https://www.glassdoor.com/Salaries/index.htm | https://ec.europa.eu/eurostat
7,Curatorial,Guest Curator,Freelance,42000-90000,450-1000,3500-16000,"""Guest Curator"" salary OR fee museum OR contemporary art",AAM salary survey; Museum Association jobs; ArtsProfessional; LinkedIn Salary; Glassdoor; local public pay scales,https://www.aam-us.org/professional-networks/salary-survey/ | https://www.museumsassociation.org/jobs/ | https://www.artsprofessional.co.uk/jobs | https://www.linkedin.com/salary/ | https://www.glassdoor.com/Salaries/index.htm | https://ec.europa.eu/eurostat
8,Curatorial,Independent Curator,Freelance,42000-90000,450-1000,3500-16000,"""Independent Curator"" salary OR fee museum OR contemporary art",AAM salary survey; Museum Association jobs; ArtsProfessional; LinkedIn Salary; Glassdoor; local public pay scales,https://www.aam-us.org/professional-networks/salary-survey/ | https://www.museumsassociation.org/jobs/ | https://www.artsprofessional.co.uk/jobs | https://www.linkedin.com/salary/ | https://www.glassdoor.com/Salaries/index.htm | https://ec.europa.eu/eurostat
9,Curatorial,Exhibition Curator,Staff,42000-90000,450-1000,3500-16000,"""Exhibition Curator"" salary OR fee museum OR contemporary art",AAM salary survey; Museum Association jobs; ArtsProfessional; LinkedIn Salary; Glassdoor; local public pay scales,https://www.aam-us.org/professional-networks/salary-survey/ | https://www.museumsassociation.org/jobs/ | https://www.artsprofessional.co.uk/jobs | https://www.linkedin.com/salary/ | https://www.glassdoor.com/Salaries/index.htm | https://ec.europa.eu/eurostat
10,Curatorial,Collections Curator,Staff,42000-90000,450-1000,3500-16000,"""Collections Curator"" salary OR fee museum OR contemporary art",AAM salary survey; Museum Association jobs; ArtsProfessional; LinkedIn Salary; Glassdoor; local public pay scales,https://www.aam-us.org/professional-networks/salary-survey/ | https://www.museumsassociation.org/jobs/ | https://www.artsprofessional.co.uk/jobs | https://www.linkedin.com/salary/ | https://www.glassdoor.com/Salaries/index.htm | https://ec.europa.eu/eurostat
11,Curatorial,Performance Curator,Staff,42000-90000,450-1000,3500-16000,"""Performance Curator"" salary OR fee museum OR contemporary art",AAM salary survey; Museum Association jobs; ArtsProfessional; LinkedIn Salary; Glassdoor; local public pay scales,https://www.aam-us.org/professional-networks/salary-survey/ | https://www.museumsassociation.org/jobs/ | https://www.artsprofessional.co.uk/jobs | https://www.linkedin.com/salary/ | https://www.glassdoor.com/Salaries/index.htm | https://ec.europa.eu/eurostat
12,Curatorial,Public Program Curator,Staff,42000-90000,450-1000,3500-16000,"""Public Program Curator"" salary OR fee museum OR contemporary art",AAM salary survey; Museum Association jobs; ArtsProfessional; LinkedIn Salary; Glassdoor; local public pay scales,https://www.aam-us.org/professional-networks/salary-survey/ | https://www.museumsassociation.org/jobs/ | https://www.artsprofessional.co.uk/jobs | https://www.linkedin.com/salary/ | https://www.glassdoor.com/Salaries/index.htm | https://ec.europa.eu/eurostat
13,Curatorial,Digital Curator,Staff,42000-90000,450-1000,3500-16000,"""Digital Curator"" salary OR fee museum OR contemporary art",AAM salary survey; Museum Association jobs; ArtsProfessional; LinkedIn Salary; Glassdoor; local public pay scales,https://www.aam-us.org/professional-networks/salary-survey/ | https://www.museumsassociation.org/jobs/ | https://www.artsprofessional.co.uk/jobs | https://www.linkedin.com/salary/ | https://www.glassdoor.com/Salaries/index.htm | https://ec.europa.eu/eurostat
14,Curatorial,Photography Curator,Staff,42000-90000,450-1000,3500-16000,"""Photography Curator"" salary OR fee museum OR contemporary art",AAM salary survey; Museum Association jobs; ArtsProfessional; LinkedIn Salary; Glassdoor; local public pay scales,https://www.aam-us.org/professional-networks/salary-survey/ | https://www.museumsassociation.org/jobs/ | https://www.artsprofessional.co.uk/jobs | https://www.linkedin.com/salary/ | https://www.glassdoor.com/Salaries/index.htm | https://ec.europa.eu/eurostat
15,Curatorial,Research Curator,Staff,42000-90000,450-1000,3500-16000,"""Research Curator"" salary OR fee museum OR contemporary art",AAM salary survey; Museum Association jobs; ArtsProfessional; LinkedIn Salary; Glassdoor; local public pay scales,https://www.aam-us.org/professional-networks/salary-survey/ | https://www.museumsassociation.org/jobs/ | https://www.artsprofessional.co.uk/jobs | https://www.linkedin.com/salary/ | https://www.glassdoor.com/Salaries/index.htm | https://ec.europa.eu/eurostat
16,Curatorial,Curator of Education,Staff,42000-90000,450-1000,3500-16000,"""Curator of Education"" salary OR fee museum OR contemporary art",AAM salary survey; Museum Association jobs; ArtsProfessional; LinkedIn Salary; Glassdoor; local public pay scales,https://www.aam-us.org/professional-networks/salary-survey/ | https://www.museumsassociation.org/jobs/ | https://www.artsprofessional.co.uk/jobs | https://www.linkedin.com/salary/ | https://www.glassdoor.com/Salaries/index.htm | https://ec.europa.eu/eurostat
17,Curatorial,Curatorial Project Manager,Staff,42000-90000,450-1000,3500-16000,"""Curatorial Project Manager"" salary OR fee museum OR contemporary art",AAM salary survey; Museum Association jobs; ArtsProfessional; LinkedIn Salary; Glassdoor; local public pay scales,https://www.aam-us.org/professional-networks/salary-survey/ | https://www.museumsassociation.org/jobs/ | https://www.artsprofessional.co.uk/jobs | https://www.linkedin.com/salary/ | https://www.glassdoor.com/Salaries/index.htm | https://ec.europa.eu/eurostat
18,Curatorial,Biennial Curator,Staff,42000-90000,450-1000,3500-16000,"""Biennial Curator"" salary OR fee museum OR contemporary art",AAM salary survey; Museum Association jobs; ArtsProfessional; LinkedIn Salary; Glassdoor; local public pay scales,https://www.aam-us.org/professional-networks/salary-survey/ | https://www.museumsassociation.org/jobs/ | https://www.artsprofessional.co.uk/jobs | https://www.linkedin.com/salary/ | https://www.glassdoor.com/Salaries/index.htm | https://ec.europa.eu/eurostat
19,Exhibitions & Collections Ops,Director of Exhibitions,Staff,42000-90000,450-1000,3500-16000,"""Director of Exhibitions"" salary OR fee museum OR contemporary art",AAM salary survey; Museum Association jobs; ArtsProfessional; LinkedIn Salary; Glassdoor; local public pay scales,https://www.aam-us.org/professional-networks/salary-survey/ | https://www.museumsassociation.org/jobs/ | https://www.artsprofessional.co.uk/jobs | https://www.linkedin.com/salary/ | https://www.glassdoor.com/Salaries/index.htm | https://ec.europa.eu/eurostat
20,Exhibitions & Collections Ops,Exhibitions Manager,Staff,42000-90000,450-1000,3500-16000,"""Exhibitions Manager"" salary OR fee museum OR contemporary art",AAM salary survey; Museum Association jobs; ArtsProfessional; LinkedIn Salary; Glassdoor; local public pay scales,https://www.aam-us.org/professional-networks/salary-survey/ | https://www.museumsassociation.org/jobs/ | https://www.artsprofessional.co.uk/jobs | https://www.linkedin.com/salary/ | https://www.glassdoor.com/Salaries/index.htm | https://ec.europa.eu/eurostat
21,Exhibitions & Collections Ops,Exhibition Producer,Staff,32000-70000,300-800,2000-12000,"""Exhibition Producer"" salary OR fee museum OR contemporary art",AAM salary survey; Museum Association jobs; ArtsProfessional; LinkedIn Salary; Glassdoor; local public pay scales,https://www.aam-us.org/professional-networks/salary-survey/ | https://www.museumsassociation.org/jobs/ | https://www.artsprofessional.co.uk/jobs | https://www.linkedin.com/salary/ | https://www.glassdoor.com/Salaries/index.htm | https://ec.europa.eu/eurostat
22,Exhibitions & Collections Ops,Exhibition Coordinator,Staff,28000-56000,220-650,1200-8000,"""Exhibition Coordinator"" salary OR fee museum OR contemporary art",AAM salary survey; Museum Association jobs; ArtsProfessional; LinkedIn Salary; Glassdoor; local public pay scales,https://www.aam-us.org/professional-networks/salary-survey/ | https://www.museumsassociation.org/jobs/ | https://www.artsprofessional.co.uk/jobs | https://www.linkedin.com/salary/ | https://www.glassdoor.com/Salaries/index.htm | https://ec.europa.eu/eurostat
23,Exhibitions & Collections Ops,Registrar,Staff,32000-70000,300-800,2000-12000,"""Registrar"" salary OR fee museum OR contemporary art",AAM salary survey; Museum Association jobs; ArtsProfessional; LinkedIn Salary; Glassdoor; local public pay scales,https://www.aam-us.org/professional-networks/salary-survey/ | https://www.museumsassociation.org/jobs/ | https://www.artsprofessional.co.uk/jobs | https://www.linkedin.com/salary/ | https://www.glassdoor.com/Salaries/index.htm | https://ec.europa.eu/eurostat
24,Exhibitions & Collections Ops,Senior Registrar,Staff,42000-90000,450-1000,3500-16000,"""Senior Registrar"" salary OR fee museum OR contemporary art",AAM salary survey; Museum Association jobs; ArtsProfessional; LinkedIn Salary; Glassdoor; local public pay scales,https://www.aam-us.org/professional-networks/salary-survey/ | https://www.museumsassociation.org/jobs/ | https://www.artsprofessional.co.uk/jobs | https://www.linkedin.com/salary/ | https://www.glassdoor.com/Salaries/index.htm | https://ec.europa.eu/eurostat
25,Writing & Research,Loans Manager,Staff,42000-90000,450-1000,3500-16000,"""Loans Manager"" salary OR fee museum OR contemporary art",AAM salary survey; Museum Association jobs; ArtsProfessional; LinkedIn Salary; Glassdoor; local public pay scales,https://www.aam-us.org/professional-networks/salary-survey/ | https://www.museumsassociation.org/jobs/ | https://www.artsprofessional.co.uk/jobs | https://www.linkedin.com/salary/ | https://www.glassdoor.com/Salaries/index.htm | https://ec.europa.eu/eurostat
26,Writing & Research,Collections Manager,Staff,42000-90000,450-1000,3500-16000,"""Collections Manager"" salary OR fee museum OR contemporary art",AAM salary survey; Museum Association jobs; ArtsProfessional; LinkedIn Salary; Glassdoor; local public pay scales,https://www.aam-us.org/professional-networks/salary-survey/ | https://www.museumsassociation.org/jobs/ | https://www.artsprofessional.co.uk/jobs | https://www.linkedin.com/salary/ | https://www.glassdoor.com/Salaries/index.htm | https://ec.europa.eu/eurostat
27,Exhibitions & Collections Ops,Art Handler,Staff,28000-56000,220-650,1200-8000,"""Art Handler"" salary OR fee museum OR contemporary art",AAM salary survey; Museum Association jobs; ArtsProfessional; LinkedIn Salary; Glassdoor; local public pay scales,https://www.aam-us.org/professional-networks/salary-survey/ | https://www.museumsassociation.org/jobs/ | https://www.artsprofessional.co.uk/jobs | https://www.linkedin.com/salary/ | https://www.glassdoor.com/Salaries/index.htm | https://ec.europa.eu/eurostat
28,Exhibitions & Collections Ops,Lead Art Handler,Staff,28000-56000,220-650,1200-8000,"""Lead Art Handler"" salary OR fee museum OR contemporary art",AAM salary survey; Museum Association jobs; ArtsProfessional; LinkedIn Salary; Glassdoor; local public pay scales,https://www.aam-us.org/professional-networks/salary-survey/ | https://www.museumsassociation.org/jobs/ | https://www.artsprofessional.co.uk/jobs | https://www.linkedin.com/salary/ | https://www.glassdoor.com/Salaries/index.htm | https://ec.europa.eu/eurostat
29,Exhibitions & Collections Ops,Installation Technician,Staff,28000-56000,220-650,1200-8000,"""Installation Technician"" salary OR fee museum OR contemporary art",AAM salary survey; Museum Association jobs; ArtsProfessional; LinkedIn Salary; Glassdoor; local public pay scales,https://www.aam-us.org/professional-networks/salary-survey/ | https://www.museumsassociation.org/jobs/ | https://www.artsprofessional.co.uk/jobs | https://www.linkedin.com/salary/ | https://www.glassdoor.com/Salaries/index.htm | https://ec.europa.eu/eurostat
30,Exhibitions & Collections Ops,Museum Preparator,Staff,28000-56000,220-650,1200-8000,"""Museum Preparator"" salary OR fee museum OR contemporary art",AAM salary survey; Museum Association jobs; ArtsProfessional; LinkedIn Salary; Glassdoor; local public pay scales,https://www.aam-us.org/professional-networks/salary-survey/ | https://www.museumsassociation.org/jobs/ | https://www.artsprofessional.co.uk/jobs | https://www.linkedin.com/salary/ | https://www.glassdoor.com/Salaries/index.htm | https://ec.europa.eu/eurostat
31,Exhibitions & Collections Ops,Mount Maker,Staff,32000-70000,300-800,2000-12000,"""Mount Maker"" salary OR fee museum OR contemporary art",AAM salary survey; Museum Association jobs; ArtsProfessional; LinkedIn Salary; Glassdoor; local public pay scales,https://www.aam-us.org/professional-networks/salary-survey/ | https://www.museumsassociation.org/jobs/ | https://www.artsprofessional.co.uk/jobs | https://www.linkedin.com/salary/ | https://www.glassdoor.com/Salaries/index.htm | https://ec.europa.eu/eurostat
32,Exhibitions & Collections Ops,Exhibition Lighting Designer,Staff/Freelance,32000-70000,300-800,2000-12000,"""Exhibition Lighting Designer"" salary OR fee museum OR contemporary art",AAM salary survey; Museum Association jobs; ArtsProfessional; LinkedIn Salary; Glassdoor; local public pay scales,https://www.aam-us.org/professional-networks/salary-survey/ | https://www.museumsassociation.org/jobs/ | https://www.artsprofessional.co.uk/jobs | https://www.linkedin.com/salary/ | https://www.glassdoor.com/Salaries/index.htm | https://ec.europa.eu/eurostat
33,Exhibitions & Collections Ops,Exhibition Graphic Designer,Staff/Freelance,32000-70000,300-800,2000-12000,"""Exhibition Graphic Designer"" salary OR fee museum OR contemporary art",AAM salary survey; Museum Association jobs; ArtsProfessional; LinkedIn Salary; Glassdoor; local public pay scales,https://www.aam-us.org/professional-networks/salary-survey/ | https://www.museumsassociation.org/jobs/ | https://www.artsprofessional.co.uk/jobs | https://www.linkedin.com/salary/ | https://www.glassdoor.com/Salaries/index.htm | https://ec.europa.eu/eurostat
34,Writing & Research,Interpretation Manager,Staff,42000-90000,450-1000,3500-16000,"""Interpretation Manager"" salary OR fee museum OR contemporary art",AAM salary survey; Museum Association jobs; ArtsProfessional; LinkedIn Salary; Glassdoor; local public pay scales,https://www.aam-us.org/professional-networks/salary-survey/ | https://www.museumsassociation.org/jobs/ | https://www.artsprofessional.co.uk/jobs | https://www.linkedin.com/salary/ | https://www.glassdoor.com/Salaries/index.htm | https://ec.europa.eu/eurostat
35,Exhibitions & Collections Ops,Scenographer,Staff/Freelance,32000-70000,300-800,2000-12000,"""Scenographer"" salary OR fee museum OR contemporary art",AAM salary survey; Museum Association jobs; ArtsProfessional; LinkedIn Salary; Glassdoor; local public pay scales,https://www.aam-us.org/professional-networks/salary-survey/ | https://www.museumsassociation.org/jobs/ | https://www.artsprofessional.co.uk/jobs | https://www.linkedin.com/salary/ | https://www.glassdoor.com/Salaries/index.htm | https://ec.europa.eu/eurostat
36,Exhibitions & Collections Ops,Exhibition Architect,Staff/Freelance,32000-70000,300-800,2000-12000,"""Exhibition Architect"" salary OR fee museum OR contemporary art",AAM salary survey; Museum Association jobs; ArtsProfessional; LinkedIn Salary; Glassdoor; local public pay scales,https://www.aam-us.org/professional-networks/salary-survey/ | https://www.museumsassociation.org/jobs/ | https://www.artsprofessional.co.uk/jobs | https://www.linkedin.com/salary/ | https://www.glassdoor.com/Salaries/index.htm | https://ec.europa.eu/eurostat
37,Writing & Research,AV Specialist,Staff,32000-70000,300-800,2000-12000,"""AV Specialist"" salary OR fee museum OR contemporary art",AAM salary survey; Museum Association jobs; ArtsProfessional; LinkedIn Salary; Glassdoor; local public pay scales,https://www.aam-us.org/professional-networks/salary-survey/ | https://www.museumsassociation.org/jobs/ | https://www.artsprofessional.co.uk/jobs | https://www.linkedin.com/salary/ | https://www.glassdoor.com/Salaries/index.htm | https://ec.europa.eu/eurostat
38,Exhibitions & Collections Ops,Art Logistics Coordinator,Staff,28000-56000,220-650,1200-8000,"""Art Logistics Coordinator"" salary OR fee museum OR contemporary art",AAM salary survey; Museum Association jobs; ArtsProfessional; LinkedIn Salary; Glassdoor; local public pay scales,https://www.aam-us.org/professional-networks/salary-survey/ | https://www.museumsassociation.org/jobs/ | https://www.artsprofessional.co.uk/jobs | https://www.linkedin.com/salary/ | https://www.glassdoor.com/Salaries/index.htm | https://ec.europa.eu/eurostat
39,Conservation,Head of Conservation,Staff,70000-180000,700-1500,7000-35000,"""Head of Conservation"" salary OR fee museum OR contemporary art",AAM salary survey; Museum Association jobs; ArtsProfessional; LinkedIn Salary; Glassdoor; local public pay scales,https://www.aam-us.org/professional-networks/salary-survey/ | https://www.museumsassociation.org/jobs/ | https://www.artsprofessional.co.uk/jobs | https://www.linkedin.com/salary/ | https://www.glassdoor.com/Salaries/index.htm | https://ec.europa.eu/eurostat
40,Conservation,Paintings Conservator,Staff,42000-90000,450-1000,3500-16000,"""Paintings Conservator"" salary OR fee museum OR contemporary art",AAM salary survey; Museum Association jobs; ArtsProfessional; LinkedIn Salary; Glassdoor; local public pay scales,https://www.aam-us.org/professional-networks/salary-survey/ | https://www.museumsassociation.org/jobs/ | https://www.artsprofessional.co.uk/jobs | https://www.linkedin.com/salary/ | https://www.glassdoor.com/Salaries/index.htm | https://ec.europa.eu/eurostat
41,Conservation,Objects Conservator,Staff,42000-90000,450-1000,3500-16000,"""Objects Conservator"" salary OR fee museum OR contemporary art",AAM salary survey; Museum Association jobs; ArtsProfessional; LinkedIn Salary; Glassdoor; local public pay scales,https://www.aam-us.org/professional-networks/salary-survey/ | https://www.museumsassociation.org/jobs/ | https://www.artsprofessional.co.uk/jobs | https://www.linkedin.com/salary/ | https://www.glassdoor.com/Salaries/index.htm | https://ec.europa.eu/eurostat
42,Conservation,Paper Conservator,Staff,42000-90000,450-1000,3500-16000,"""Paper Conservator"" salary OR fee museum OR contemporary art",AAM salary survey; Museum Association jobs; ArtsProfessional; LinkedIn Salary; Glassdoor; local public pay scales,https://www.aam-us.org/professional-networks/salary-survey/ | https://www.museumsassociation.org/jobs/ | https://www.artsprofessional.co.uk/jobs | https://www.linkedin.com/salary/ | https://www.glassdoor.com/Salaries/index.htm | https://ec.europa.eu/eurostat
43,Conservation,Textile Conservator,Staff,42000-90000,450-1000,3500-16000,"""Textile Conservator"" salary OR fee museum OR contemporary art",AAM salary survey; Museum Association jobs; ArtsProfessional; LinkedIn Salary; Glassdoor; local public pay scales,https://www.aam-us.org/professional-networks/salary-survey/ | https://www.museumsassociation.org/jobs/ | https://www.artsprofessional.co.uk/jobs | https://www.linkedin.com/salary/ | https://www.glassdoor.com/Salaries/index.htm | https://ec.europa.eu/eurostat
44,Conservation,Media Conservator,Staff,42000-90000,450-1000,3500-16000,"""Media Conservator"" salary OR fee museum OR contemporary art",AAM salary survey; Museum Association jobs; ArtsProfessional; LinkedIn Salary; Glassdoor; local public pay scales,https://www.aam-us.org/professional-networks/salary-survey/ | https://www.museumsassociation.org/jobs/ | https://www.artsprofessional.co.uk/jobs | https://www.linkedin.com/salary/ | https://www.glassdoor.com/Salaries/index.htm | https://ec.europa.eu/eurostat
45,Exhibitions & Collections Ops,Conservation Technician,Staff,28000-56000,220-650,1200-8000,"""Conservation Technician"" salary OR fee museum OR contemporary art",AAM salary survey; Museum Association jobs; ArtsProfessional; LinkedIn Salary; Glassdoor; local public pay scales,https://www.aam-us.org/professional-networks/salary-survey/ | https://www.museumsassociation.org/jobs/ | https://www.artsprofessional.co.uk/jobs | https://www.linkedin.com/salary/ | https://www.glassdoor.com/Salaries/index.htm | https://ec.europa.eu/eurostat
46,Conservation,Preventive Conservator,Staff,42000-90000,450-1000,3500-16000,"""Preventive Conservator"" salary OR fee museum OR contemporary art",AAM salary survey; Museum Association jobs; ArtsProfessional; LinkedIn Salary; Glassdoor; local public pay scales,https://www.aam-us.org/professional-networks/salary-survey/ | https://www.museumsassociation.org/jobs/ | https://www.artsprofessional.co.uk/jobs | https://www.linkedin.com/salary/ | https://www.glassdoor.com/Salaries/index.htm | https://ec.europa.eu/eurostat
47,Conservation,Collections Care Officer,Staff,28000-56000,220-650,1200-8000,"""Collections Care Officer"" salary OR fee museum OR contemporary art",AAM salary survey; Museum Association jobs; ArtsProfessional; LinkedIn Salary; Glassdoor; local public pay scales,https://www.aam-us.org/professional-networks/salary-survey/ | https://www.museumsassociation.org/jobs/ | https://www.artsprofessional.co.uk/jobs | https://www.linkedin.com/salary/ | https://www.glassdoor.com/Salaries/index.htm | https://ec.europa.eu/eurostat
48,Conservation,Conservation Scientist,Staff,42000-90000,450-1000,3500-16000,"""Conservation Scientist"" salary OR fee museum OR contemporary art",AAM salary survey; Museum Association jobs; ArtsProfessional; LinkedIn Salary; Glassdoor; local public pay scales,https://www.aam-us.org/professional-networks/salary-survey/ | https://www.museumsassociation.org/jobs/ | https://www.artsprofessional.co.uk/jobs | https://www.linkedin.com/salary/ | https://www.glassdoor.com/Salaries/index.htm | https://ec.europa.eu/eurostat
49,Education & Public Programs,Head of Learning,Staff,70000-180000,700-1500,7000-35000,"""Head of Learning"" salary OR fee museum OR contemporary art",AAM salary survey; Museum Association jobs; ArtsProfessional; LinkedIn Salary; Glassdoor; local public pay scales,https://www.aam-us.org/professional-networks/salary-survey/ | https://www.museumsassociation.org/jobs/ | https://www.artsprofessional.co.uk/jobs | https://www.linkedin.com/salary/ | https://www.glassdoor.com/Salaries/index.htm | https://ec.europa.eu/eurostat
50,Education & Public Programs,Learning Manager,Staff,42000-90000,450-1000,3500-16000,"""Learning Manager"" salary OR fee museum OR contemporary art",AAM salary survey; Museum Association jobs; ArtsProfessional; LinkedIn Salary; Glassdoor; local public pay scales,https://www.aam-us.org/professional-networks/salary-survey/ | https://www.museumsassociation.org/jobs/ | https://www.artsprofessional.co.uk/jobs | https://www.linkedin.com/salary/ | https://www.glassdoor.com/Salaries/index.htm | https://ec.europa.eu/eurostat
51,Education & Public Programs,Museum Educator,Staff,32000-70000,300-800,2000-12000,"""Museum Educator"" salary OR fee museum OR contemporary art",AAM salary survey; Museum Association jobs; ArtsProfessional; LinkedIn Salary; Glassdoor; local public pay scales,https://www.aam-us.org/professional-networks/salary-survey/ | https://www.museumsassociation.org/jobs/ | https://www.artsprofessional.co.uk/jobs | https://www.linkedin.com/salary/ | https://www.glassdoor.com/Salaries/index.htm | https://ec.europa.eu/eurostat
52,Education & Public Programs,Teaching Artist,Freelance,32000-70000,300-800,2000-12000,"""Teaching Artist"" salary OR fee museum OR contemporary art",AAM salary survey; Museum Association jobs; ArtsProfessional; LinkedIn Salary; Glassdoor; local public pay scales,https://www.aam-us.org/professional-networks/salary-survey/ | https://www.museumsassociation.org/jobs/ | https://www.artsprofessional.co.uk/jobs | https://www.linkedin.com/salary/ | https://www.glassdoor.com/Salaries/index.htm | https://ec.europa.eu/eurostat
53,Education & Public Programs,Public Programs Manager,Staff,42000-90000,450-1000,3500-16000,"""Public Programs Manager"" salary OR fee museum OR contemporary art",AAM salary survey; Museum Association jobs; ArtsProfessional; LinkedIn Salary; Glassdoor; local public pay scales,https://www.aam-us.org/professional-networks/salary-survey/ | https://www.museumsassociation.org/jobs/ | https://www.artsprofessional.co.uk/jobs | https://www.linkedin.com/salary/ | https://www.glassdoor.com/Salaries/index.htm | https://ec.europa.eu/eurostat
54,Education & Public Programs,Community Engagement Manager,Staff,42000-90000,450-1000,3500-16000,"""Community Engagement Manager"" salary OR fee museum OR contemporary art",AAM salary survey; Museum Association jobs; ArtsProfessional; LinkedIn Salary; Glassdoor; local public pay scales,https://www.aam-us.org/professional-networks/salary-survey/ | https://www.museumsassociation.org/jobs/ | https://www.artsprofessional.co.uk/jobs | https://www.linkedin.com/salary/ | https://www.glassdoor.com/Salaries/index.htm | https://ec.europa.eu/eurostat
55,Education & Public Programs,Access Coordinator,Staff,28000-56000,220-650,1200-8000,"""Access Coordinator"" salary OR fee museum OR contemporary art",AAM salary survey; Museum Association jobs; ArtsProfessional; LinkedIn Salary; Glassdoor; local public pay scales,https://www.aam-us.org/professional-networks/salary-survey/ | https://www.museumsassociation.org/jobs/ | https://www.artsprofessional.co.uk/jobs | https://www.linkedin.com/salary/ | https://www.glassdoor.com/Salaries/index.htm | https://ec.europa.eu/eurostat
56,Education & Public Programs,Interpretation Writer,Freelance,32000-70000,300-800,2000-12000,"""Interpretation Writer"" salary OR fee museum OR contemporary art",AAM salary survey; Museum Association jobs; ArtsProfessional; LinkedIn Salary; Glassdoor; local public pay scales,https://www.aam-us.org/professional-networks/salary-survey/ | https://www.museumsassociation.org/jobs/ | https://www.artsprofessional.co.uk/jobs | https://www.linkedin.com/salary/ | https://www.glassdoor.com/Salaries/index.htm | https://ec.europa.eu/eurostat
57,Education & Public Programs,Facilitator / Mediator,Freelance,28000-56000,220-650,1200-8000,"""Facilitator / Mediator"" salary OR fee museum OR contemporary art",AAM salary survey; Museum Association jobs; ArtsProfessional; LinkedIn Salary; Glassdoor; local public pay scales,https://www.aam-us.org/professional-networks/salary-survey/ | https://www.museumsassociation.org/jobs/ | https://www.artsprofessional.co.uk/jobs | https://www.linkedin.com/salary/ | https://www.glassdoor.com/Salaries/index.htm | https://ec.europa.eu/eurostat
58,Education & Public Programs,School Programs Coordinator,Staff,28000-56000,220-650,1200-8000,"""School Programs Coordinator"" salary OR fee museum OR contemporary art",AAM salary survey; Museum Association jobs; ArtsProfessional; LinkedIn Salary; Glassdoor; local public pay scales,https://www.aam-us.org/professional-networks/salary-survey/ | https://www.museumsassociation.org/jobs/ | https://www.artsprofessional.co.uk/jobs | https://www.linkedin.com/salary/ | https://www.glassdoor.com/Salaries/index.htm | https://ec.europa.eu/eurostat
59,Development & Communications,Development Director,Staff,70000-180000,700-1500,7000-35000,"""Development Director"" salary OR fee museum OR contemporary art",AAM salary survey; Museum Association jobs; ArtsProfessional; LinkedIn Salary; Glassdoor; local public pay scales,https://www.aam-us.org/professional-networks/salary-survey/ | https://www.museumsassociation.org/jobs/ | https://www.artsprofessional.co.uk/jobs | https://www.linkedin.com/salary/ | https://www.glassdoor.com/Salaries/index.htm | https://ec.europa.eu/eurostat
60,Development & Communications,Major Gifts Manager,Staff,42000-90000,450-1000,3500-16000,"""Major Gifts Manager"" salary OR fee museum OR contemporary art",AAM salary survey; Museum Association jobs; ArtsProfessional; LinkedIn Salary; Glassdoor; local public pay scales,https://www.aam-us.org/professional-networks/salary-survey/ | https://www.museumsassociation.org/jobs/ | https://www.artsprofessional.co.uk/jobs | https://www.linkedin.com/salary/ | https://www.glassdoor.com/Salaries/index.htm | https://ec.europa.eu/eurostat
61,Development & Communications,Grants Manager,Staff,42000-90000,450-1000,3500-16000,"""Grants Manager"" salary OR fee museum OR contemporary art",AAM salary survey; Museum Association jobs; ArtsProfessional; LinkedIn Salary; Glassdoor; local public pay scales,https://www.aam-us.org/professional-networks/salary-survey/ | https://www.museumsassociation.org/jobs/ | https://www.artsprofessional.co.uk/jobs | https://www.linkedin.com/salary/ | https://www.glassdoor.com/Salaries/index.htm | https://ec.europa.eu/eurostat
62,Development & Communications,Development Coordinator,Staff,28000-56000,220-650,1200-8000,"""Development Coordinator"" salary OR fee museum OR contemporary art",AAM salary survey; Museum Association jobs; ArtsProfessional; LinkedIn Salary; Glassdoor; local public pay scales,https://www.aam-us.org/professional-networks/salary-survey/ | https://www.museumsassociation.org/jobs/ | https://www.artsprofessional.co.uk/jobs | https://www.linkedin.com/salary/ | https://www.glassdoor.com/Salaries/index.htm | https://ec.europa.eu/eurostat
63,Development & Communications,Membership Manager,Staff,42000-90000,450-1000,3500-16000,"""Membership Manager"" salary OR fee museum OR contemporary art",AAM salary survey; Museum Association jobs; ArtsProfessional; LinkedIn Salary; Glassdoor; local public pay scales,https://www.aam-us.org/professional-networks/salary-survey/ | https://www.museumsassociation.org/jobs/ | https://www.artsprofessional.co.uk/jobs | https://www.linkedin.com/salary/ | https://www.glassdoor.com/Salaries/index.htm | https://ec.europa.eu/eurostat
64,Development & Communications,Sponsorship Manager,Staff,42000-90000,450-1000,3500-16000,"""Sponsorship Manager"" salary OR fee museum OR contemporary art",AAM salary survey; Museum Association jobs; ArtsProfessional; LinkedIn Salary; Glassdoor; local public pay scales,https://www.aam-us.org/professional-networks/salary-survey/ | https://www.museumsassociation.org/jobs/ | https://www.artsprofessional.co.uk/jobs | https://www.linkedin.com/salary/ | https://www.glassdoor.com/Salaries/index.htm | https://ec.europa.eu/eurostat
65,Development & Communications,Communications Manager,Staff,42000-90000,450-1000,3500-16000,"""Communications Manager"" salary OR fee museum OR contemporary art",AAM salary survey; Museum Association jobs; ArtsProfessional; LinkedIn Salary; Glassdoor; local public pay scales,https://www.aam-us.org/professional-networks/salary-survey/ | https://www.museumsassociation.org/jobs/ | https://www.artsprofessional.co.uk/jobs | https://www.linkedin.com/salary/ | https://www.glassdoor.com/Salaries/index.htm | https://ec.europa.eu/eurostat
66,Development & Communications,Press Officer,Staff/Freelance,28000-56000,220-650,1200-8000,"""Press Officer"" salary OR fee museum OR contemporary art",AAM salary survey; Museum Association jobs; ArtsProfessional; LinkedIn Salary; Glassdoor; local public pay scales,https://www.aam-us.org/professional-networks/salary-survey/ | https://www.museumsassociation.org/jobs/ | https://www.artsprofessional.co.uk/jobs | https://www.linkedin.com/salary/ | https://www.glassdoor.com/Salaries/index.htm | https://ec.europa.eu/eurostat
67,Development & Communications,Social Media Manager,Staff/Freelance,42000-90000,450-1000,3500-16000,"""Social Media Manager"" salary OR fee museum OR contemporary art",AAM salary survey; Museum Association jobs; ArtsProfessional; LinkedIn Salary; Glassdoor; local public pay scales,https://www.aam-us.org/professional-networks/salary-survey/ | https://www.museumsassociation.org/jobs/ | https://www.artsprofessional.co.uk/jobs | https://www.linkedin.com/salary/ | https://www.glassdoor.com/Salaries/index.htm | https://ec.europa.eu/eurostat
68,Development & Communications,Museum Copywriter,Freelance,32000-70000,300-800,2000-12000,"""Museum Copywriter"" salary OR fee museum OR contemporary art",AAM salary survey; Museum Association jobs; ArtsProfessional; LinkedIn Salary; Glassdoor; local public pay scales,https://www.aam-us.org/professional-networks/salary-survey/ | https://www.museumsassociation.org/jobs/ | https://www.artsprofessional.co.uk/jobs | https://www.linkedin.com/salary/ | https://www.glassdoor.com/Salaries/index.htm | https://ec.europa.eu/eurostat
69,Leadership & Operations,Museum Director,Staff,70000-180000,700-1500,7000-35000,"""Museum Director"" salary OR fee museum OR contemporary art",AAM salary survey; Museum Association jobs; ArtsProfessional; LinkedIn Salary; Glassdoor; local public pay scales,https://www.aam-us.org/professional-networks/salary-survey/ | https://www.museumsassociation.org/jobs/ | https://www.artsprofessional.co.uk/jobs | https://www.linkedin.com/salary/ | https://www.glassdoor.com/Salaries/index.htm | https://ec.europa.eu/eurostat
70,Leadership & Operations,Deputy Director,Staff,70000-180000,700-1500,7000-35000,"""Deputy Director"" salary OR fee museum OR contemporary art",AAM salary survey; Museum Association jobs; ArtsProfessional; LinkedIn Salary; Glassdoor; local public pay scales,https://www.aam-us.org/professional-networks/salary-survey/ | https://www.museumsassociation.org/jobs/ | https://www.artsprofessional.co.uk/jobs | https://www.linkedin.com/salary/ | https://www.glassdoor.com/Salaries/index.htm | https://ec.europa.eu/eurostat
71,Leadership & Operations,Chief Operating Officer,Staff,70000-180000,700-1500,7000-35000,"""Chief Operating Officer"" salary OR fee museum OR contemporary art",AAM salary survey; Museum Association jobs; ArtsProfessional; LinkedIn Salary; Glassdoor; local public pay scales,https://www.aam-us.org/professional-networks/salary-survey/ | https://www.museumsassociation.org/jobs/ | https://www.artsprofessional.co.uk/jobs | https://www.linkedin.com/salary/ | https://www.glassdoor.com/Salaries/index.htm | https://ec.europa.eu/eurostat
72,Leadership & Operations,Operations Manager,Staff,42000-90000,450-1000,3500-16000,"""Operations Manager"" salary OR fee museum OR contemporary art",AAM salary survey; Museum Association jobs; ArtsProfessional; LinkedIn Salary; Glassdoor; local public pay scales,https://www.aam-us.org/professional-networks/salary-survey/ | https://www.museumsassociation.org/jobs/ | https://www.artsprofessional.co.uk/jobs | https://www.linkedin.com/salary/ | https://www.glassdoor.com/Salaries/index.htm | https://ec.europa.eu/eurostat
73,Leadership & Operations,Front of House Manager,Staff,42000-90000,450-1000,3500-16000,"""Front of House Manager"" salary OR fee museum OR contemporary art",AAM salary survey; Museum Association jobs; ArtsProfessional; LinkedIn Salary; Glassdoor; local public pay scales,https://www.aam-us.org/professional-networks/salary-survey/ | https://www.museumsassociation.org/jobs/ | https://www.artsprofessional.co.uk/jobs | https://www.linkedin.com/salary/ | https://www.glassdoor.com/Salaries/index.htm | https://ec.europa.eu/eurostat
74,Leadership & Operations,Visitor Services Manager,Staff,42000-90000,450-1000,3500-16000,"""Visitor Services Manager"" salary OR fee museum OR contemporary art",AAM salary survey; Museum Association jobs; ArtsProfessional; LinkedIn Salary; Glassdoor; local public pay scales,https://www.aam-us.org/professional-networks/salary-survey/ | https://www.museumsassociation.org/jobs/ | https://www.artsprofessional.co.uk/jobs | https://www.linkedin.com/salary/ | https://www.glassdoor.com/Salaries/index.htm | https://ec.europa.eu/eurostat
75,Leadership & Operations,Ticketing Manager,Staff,42000-90000,450-1000,3500-16000,"""Ticketing Manager"" salary OR fee museum OR contemporary art",AAM salary survey; Museum Association jobs; ArtsProfessional; LinkedIn Salary; Glassdoor; local public pay scales,https://www.aam-us.org/professional-networks/salary-survey/ | https://www.museumsassociation.org/jobs/ | https://www.artsprofessional.co.uk/jobs | https://www.linkedin.com/salary/ | https://www.glassdoor.com/Salaries/index.htm | https://ec.europa.eu/eurostat
76,Leadership & Operations,Museum Retail Manager,Staff,42000-90000,450-1000,3500-16000,"""Museum Retail Manager"" salary OR fee museum OR contemporary art",AAM salary survey; Museum Association jobs; ArtsProfessional; LinkedIn Salary; Glassdoor; local public pay scales,https://www.aam-us.org/professional-networks/salary-survey/ | https://www.museumsassociation.org/jobs/ | https://www.artsprofessional.co.uk/jobs | https://www.linkedin.com/salary/ | https://www.glassdoor.com/Salaries/index.htm | https://ec.europa.eu/eurostat
77,Leadership & Operations,Events Manager,Staff/Freelance,42000-90000,450-1000,3500-16000,"""Events Manager"" salary OR fee museum OR contemporary art",AAM salary survey; Museum Association jobs; ArtsProfessional; LinkedIn Salary; Glassdoor; local public pay scales,https://www.aam-us.org/professional-networks/salary-survey/ | https://www.museumsassociation.org/jobs/ | https://www.artsprofessional.co.uk/jobs | https://www.linkedin.com/salary/ | https://www.glassdoor.com/Salaries/index.htm | https://ec.europa.eu/eurostat
78,Leadership & Operations,Venue Hire Coordinator,Staff,28000-56000,220-650,1200-8000,"""Venue Hire Coordinator"" salary OR fee museum OR contemporary art",AAM salary survey; Museum Association jobs; ArtsProfessional; LinkedIn Salary; Glassdoor; local public pay scales,https://www.aam-us.org/professional-networks/salary-survey/ | https://www.museumsassociation.org/jobs/ | https://www.artsprofessional.co.uk/jobs | https://www.linkedin.com/salary/ | https://www.glassdoor.com/Salaries/index.htm | https://ec.europa.eu/eurostat
79,Digital & Data,Head of Digital,Staff,70000-180000,700-1500,7000-35000,"""Head of Digital"" salary OR fee museum OR contemporary art",AAM salary survey; Museum Association jobs; ArtsProfessional; LinkedIn Salary; Glassdoor; local public pay scales,https://www.aam-us.org/professional-networks/salary-survey/ | https://www.museumsassociation.org/jobs/ | https://www.artsprofessional.co.uk/jobs | https://www.linkedin.com/salary/ | https://www.glassdoor.com/Salaries/index.htm | https://ec.europa.eu/eurostat
80,Digital & Data,Digital Content Manager,Staff,42000-90000,450-1000,3500-16000,"""Digital Content Manager"" salary OR fee museum OR contemporary art",AAM salary survey; Museum Association jobs; ArtsProfessional; LinkedIn Salary; Glassdoor; local public pay scales,https://www.aam-us.org/professional-networks/salary-survey/ | https://www.museumsassociation.org/jobs/ | https://www.artsprofessional.co.uk/jobs | https://www.linkedin.com/salary/ | https://www.glassdoor.com/Salaries/index.htm | https://ec.europa.eu/eurostat
81,Digital & Data,Web Producer,Staff/Freelance,32000-70000,300-800,2000-12000,"""Web Producer"" salary OR fee museum OR contemporary art",AAM salary survey; Museum Association jobs; ArtsProfessional; LinkedIn Salary; Glassdoor; local public pay scales,https://www.aam-us.org/professional-networks/salary-survey/ | https://www.museumsassociation.org/jobs/ | https://www.artsprofessional.co.uk/jobs | https://www.linkedin.com/salary/ | https://www.glassdoor.com/Salaries/index.htm | https://ec.europa.eu/eurostat
82,Digital & Data,UX Designer,Staff/Freelance,32000-70000,300-800,2000-12000,"""UX Designer"" salary OR fee museum OR contemporary art",AAM salary survey; Museum Association jobs; ArtsProfessional; LinkedIn Salary; Glassdoor; local public pay scales,https://www.aam-us.org/professional-networks/salary-survey/ | https://www.museumsassociation.org/jobs/ | https://www.artsprofessional.co.uk/jobs | https://www.linkedin.com/salary/ | https://www.glassdoor.com/Salaries/index.htm | https://ec.europa.eu/eurostat
83,Digital & Data,Digital Product Manager,Staff,42000-90000,450-1000,3500-16000,"""Digital Product Manager"" salary OR fee museum OR contemporary art",AAM salary survey; Museum Association jobs; ArtsProfessional; LinkedIn Salary; Glassdoor; local public pay scales,https://www.aam-us.org/professional-networks/salary-survey/ | https://www.museumsassociation.org/jobs/ | https://www.artsprofessional.co.uk/jobs | https://www.linkedin.com/salary/ | https://www.glassdoor.com/Salaries/index.htm | https://ec.europa.eu/eurostat
84,Digital & Data,CRM Manager,Staff,42000-90000,450-1000,3500-16000,"""CRM Manager"" salary OR fee museum OR contemporary art",AAM salary survey; Museum Association jobs; ArtsProfessional; LinkedIn Salary; Glassdoor; local public pay scales,https://www.aam-us.org/professional-networks/salary-survey/ | https://www.museumsassociation.org/jobs/ | https://www.artsprofessional.co.uk/jobs | https://www.linkedin.com/salary/ | https://www.glassdoor.com/Salaries/index.htm | https://ec.europa.eu/eurostat
85,Digital & Data,Audience Data Analyst,Staff,32000-70000,300-800,2000-12000,"""Audience Data Analyst"" salary OR fee museum OR contemporary art",AAM salary survey; Museum Association jobs; ArtsProfessional; LinkedIn Salary; Glassdoor; local public pay scales,https://www.aam-us.org/professional-networks/salary-survey/ | https://www.museumsassociation.org/jobs/ | https://www.artsprofessional.co.uk/jobs | https://www.linkedin.com/salary/ | https://www.glassdoor.com/Salaries/index.htm | https://ec.europa.eu/eurostat
86,Digital & Data,Digitization Specialist,Staff,32000-70000,300-800,2000-12000,"""Digitization Specialist"" salary OR fee museum OR contemporary art",AAM salary survey; Museum Association jobs; ArtsProfessional; LinkedIn Salary; Glassdoor; local public pay scales,https://www.aam-us.org/professional-networks/salary-survey/ | https://www.museumsassociation.org/jobs/ | https://www.artsprofessional.co.uk/jobs | https://www.linkedin.com/salary/ | https://www.glassdoor.com/Salaries/index.htm | https://ec.europa.eu/eurostat
87,Digital & Data,Digital Archivist,Staff,32000-70000,300-800,2000-12000,"""Digital Archivist"" salary OR fee museum OR contemporary art",AAM salary survey; Museum Association jobs; ArtsProfessional; LinkedIn Salary; Glassdoor; local public pay scales,https://www.aam-us.org/professional-networks/salary-survey/ | https://www.museumsassociation.org/jobs/ | https://www.artsprofessional.co.uk/jobs | https://www.linkedin.com/salary/ | https://www.glassdoor.com/Salaries/index.htm | https://ec.europa.eu/eurostat
88,Digital & Data,Rights & Reproductions Officer,Staff,42000-90000,450-1000,3500-16000,"""Rights & Reproductions Officer"" salary OR fee museum OR contemporary art",AAM salary survey; Museum Association jobs; ArtsProfessional; LinkedIn Salary; Glassdoor; local public pay scales,https://www.aam-us.org/professional-networks/salary-survey/ | https://www.museumsassociation.org/jobs/ | https://www.artsprofessional.co.uk/jobs | https://www.linkedin.com/salary/ | https://www.glassdoor.com/Salaries/index.htm | https://ec.europa.eu/eurostat
89,Leadership & Operations,Gallery Director,Staff,70000-180000,700-1500,7000-35000,"""Gallery Director"" salary OR fee museum OR contemporary art",AAM salary survey; Museum Association jobs; ArtsProfessional; LinkedIn Salary; Glassdoor; local public pay scales,https://www.aam-us.org/professional-networks/salary-survey/ | https://www.museumsassociation.org/jobs/ | https://www.artsprofessional.co.uk/jobs | https://www.linkedin.com/salary/ | https://www.glassdoor.com/Salaries/index.htm | https://ec.europa.eu/eurostat
90,Commercial Gallery & Art Market,Gallery Manager,Staff,42000-90000,450-1000,3500-16000,"""Gallery Manager"" salary OR fee museum OR contemporary art",AAM salary survey; Museum Association jobs; ArtsProfessional; LinkedIn Salary; Glassdoor; local public pay scales,https://www.aam-us.org/professional-networks/salary-survey/ | https://www.museumsassociation.org/jobs/ | https://www.artsprofessional.co.uk/jobs | https://www.linkedin.com/salary/ | https://www.glassdoor.com/Salaries/index.htm | https://ec.europa.eu/eurostat
91,Leadership & Operations,Gallery Sales Director,Staff,70000-180000,700-1500,7000-35000,"""Gallery Sales Director"" salary OR fee museum OR contemporary art",AAM salary survey; Museum Association jobs; ArtsProfessional; LinkedIn Salary; Glassdoor; local public pay scales,https://www.aam-us.org/professional-networks/salary-survey/ | https://www.museumsassociation.org/jobs/ | https://www.artsprofessional.co.uk/jobs | https://www.linkedin.com/salary/ | https://www.glassdoor.com/Salaries/index.htm | https://ec.europa.eu/eurostat
92,Commercial Gallery & Art Market,Art Advisor,Freelance,32000-70000,300-800,2000-12000,"""Art Advisor"" salary OR fee museum OR contemporary art",AAM salary survey; Museum Association jobs; ArtsProfessional; LinkedIn Salary; Glassdoor; local public pay scales,https://www.aam-us.org/professional-networks/salary-survey/ | https://www.museumsassociation.org/jobs/ | https://www.artsprofessional.co.uk/jobs | https://www.linkedin.com/salary/ | https://www.glassdoor.com/Salaries/index.htm | https://ec.europa.eu/eurostat
93,Writing & Research,Artist Liaison,Staff,32000-70000,300-800,2000-12000,"""Artist Liaison"" salary OR fee museum OR contemporary art",AAM salary survey; Museum Association jobs; ArtsProfessional; LinkedIn Salary; Glassdoor; local public pay scales,https://www.aam-us.org/professional-networks/salary-survey/ | https://www.museumsassociation.org/jobs/ | https://www.artsprofessional.co.uk/jobs | https://www.linkedin.com/salary/ | https://www.glassdoor.com/Salaries/index.htm | https://ec.europa.eu/eurostat
94,Exhibitions & Collections Ops,Gallery Registrar,Staff,32000-70000,300-800,2000-12000,"""Gallery Registrar"" salary OR fee museum OR contemporary art",AAM salary survey; Museum Association jobs; ArtsProfessional; LinkedIn Salary; Glassdoor; local public pay scales,https://www.aam-us.org/professional-networks/salary-survey/ | https://www.museumsassociation.org/jobs/ | https://www.artsprofessional.co.uk/jobs | https://www.linkedin.com/salary/ | https://www.glassdoor.com/Salaries/index.htm | https://ec.europa.eu/eurostat
95,Writing & Research,Art Fair Coordinator,Staff,28000-56000,220-650,1200-8000,"""Art Fair Coordinator"" salary OR fee museum OR contemporary art",AAM salary survey; Museum Association jobs; ArtsProfessional; LinkedIn Salary; Glassdoor; local public pay scales,https://www.aam-us.org/professional-networks/salary-survey/ | https://www.museumsassociation.org/jobs/ | https://www.artsprofessional.co.uk/jobs | https://www.linkedin.com/salary/ | https://www.glassdoor.com/Salaries/index.htm | https://ec.europa.eu/eurostat
96,Commercial Gallery & Art Market,Collector Relations Manager,Staff,42000-90000,450-1000,3500-16000,"""Collector Relations Manager"" salary OR fee museum OR contemporary art",AAM salary survey; Museum Association jobs; ArtsProfessional; LinkedIn Salary; Glassdoor; local public pay scales,https://www.aam-us.org/professional-networks/salary-survey/ | https://www.museumsassociation.org/jobs/ | https://www.artsprofessional.co.uk/jobs | https://www.linkedin.com/salary/ | https://www.glassdoor.com/Salaries/index.htm | https://ec.europa.eu/eurostat
97,Commercial Gallery & Art Market,Private Sales Specialist,Staff,32000-70000,300-800,2000-12000,"""Private Sales Specialist"" salary OR fee museum OR contemporary art",AAM salary survey; Museum Association jobs; ArtsProfessional; LinkedIn Salary; Glassdoor; local public pay scales,https://www.aam-us.org/professional-networks/salary-survey/ | https://www.museumsassociation.org/jobs/ | https://www.artsprofessional.co.uk/jobs | https://www.linkedin.com/salary/ | https://www.glassdoor.com/Salaries/index.htm | https://ec.europa.eu/eurostat
98,Commercial Gallery & Art Market,Online Sales Manager,Staff,42000-90000,450-1000,3500-16000,"""Online Sales Manager"" salary OR fee museum OR contemporary art",AAM salary survey; Museum Association jobs; ArtsProfessional; LinkedIn Salary; Glassdoor; local public pay scales,https://www.aam-us.org/professional-networks/salary-survey/ | https://www.museumsassociation.org/jobs/ | https://www.artsprofessional.co.uk/jobs | https://www.linkedin.com/salary/ | https://www.glassdoor.com/Salaries/index.htm | https://ec.europa.eu/eurostat
99,Writing & Research,Art Writer / Critic,Freelance,32000-70000,300-800,2000-12000,"""Art Writer / Critic"" salary OR fee museum OR contemporary art",AAM salary survey; Museum Association jobs; ArtsProfessional; LinkedIn Salary; Glassdoor; local public pay scales,https://www.aam-us.org/professional-networks/salary-survey/ | https://www.museumsassociation.org/jobs/ | https://www.artsprofessional.co.uk/jobs | https://www.linkedin.com/salary/ | https://www.glassdoor.com/Salaries/index.htm | https://ec.europa.eu/eurostat
100,Writing & Research,Catalogue Essay Writer,Freelance,32000-70000,300-800,2000-12000,"""Catalogue Essay Writer"" salary OR fee museum OR contemporary art",AAM salary survey; Museum Association jobs; ArtsProfessional; LinkedIn Salary; Glassdoor; local public pay scales,https://www.aam-us.org/professional-networks/salary-survey/ | https://www.museumsassociation.org/jobs/ | https://www.artsprofessional.co.uk/jobs | https://www.linkedin.com/salary/ | https://www.glassdoor.com/Salaries/index.htm | https://ec.europa.eu/eurostat
